id,created_at,total_objects
1,2026-03-05T16:53:45.358763+00:00,1
2,2026-03-05T16:53:47.266778+00:00,1
3,2026-03-05T16:53:48.552574+00:00,1
4,2026-03-05T16:53:49.868189+00:00,1
5,2026-03-05T16:54:10.753171+00:00,1
6,2026-03-05T16:54:35.115307+00:00,1
7,2026-03-05T16:54:36.439116+00:00,1
8,2026-03-05T16:54:38.096548+00:00,1
9,2026-03-05T16:54:39.806535+00:00,1
10,2026-03-05T16:54:41.065386+00:00,1
11,2026-03-05T16:54:42.416509+00:00,1
12,2026-03-05T16:54:43.545661+00:00,1
13,2026-03-05T16:55:14.620516+00:00,1
14,2026-03-05T16:55:15.900621+00:00,14
15,2026-03-05T16:55:17.168257+00:00,15
16,2026-03-05T16:55:18.550613+00:00,13
17,2026-03-05T16:55:19.604926+00:00,8
18,2026-03-05T16:55:20.927538+00:00,8
19,2026-03-05T16:55:22.213017+00:00,11
20,2026-03-05T16:55:23.496363+00:00,10
21,2026-03-05T16:55:24.789044+00:00,9
22,2026-03-05T16:55:26.347797+00:00,1
